facid,site,name,address,zone,owned,status,latitude,longitude
0000,CEN,FAC ID-NON-BLDG ORGS,NOT APPLICABLE,,,OPEN,,
0110,CEN,CALVIN HILL DAY CARE,"HIGHLAND STREET, 150",ZONE 2,OO,OPEN,41.328181,-72.920866
0120,CEN,WHITEHALL APTS 375-385,"CANNER STREET, 375-385",ZONE 2,OO,OPEN,41.325814,-72.921398
0122,CEN,WHITEHALL APTS 405-407,"CANNER STREET, 405-407",ZONE 2,OO,OPEN,41.326013,-72.922116
0124,CEN,WHITEHALL APTS 511-521,"PROSPECT STREET, 511-521",ZONE 2,OO,OPEN,41.326293,-72.921995
0125,CEN,WHITEHALL APTS 533-543,"PROSPECT STREET, 533-543",ZONE 2,OO,OPEN,41.32656,-72.921649
0200,CEN,CEDARHURST SCHOOL,"PROSPECT STREET, 871",ZONE 2,OO,OPEN,41.335173,-72.918663
0250,CEN,"ST. RONAN ST, 363","ST. RONAN STREET, 363",,A,OPEN,41.325475,-72.918126
0300,CEN,"EDWARDS ST, 309","EDWARDS STREET, 309",ZONE 2,OO,OPEN,41.319989,-72.920017
0302,CEN,"ST. RONAN ST, 175","ST. RONAN STREET, 175",ZONE 2,OO,OPEN,41.320271,-72.919598
0305,CEN,"ST. RONAN ST, 160","ST. RONAN STREET, 160",ZONE 2,OO,OPEN,41.3201166485,-72.9207570772
0306,CEN,LOT  66 - 160 ST RONAN,"ST. RONAN STREET, 160",ZONE 2,OO,OPEN,41.3202033869,-72.9209551168
0400,CEN,FISHER HALL (DIV),"CANNER STREET, 352",ZONE 2,OO,OPEN,41.325097,-72.920165
0405,CEN,BELLAMY HALL (DIV),"CANNER STREET, 354",ZONE 2,OO,OPEN,41.324626,-72.920499
0410,CEN,CURTIS HALL (DIV),"CANNER STREET, 350",ZONE 2,OO,OPEN,41.324559,-72.91994
0425,CEN,FARNAM GARDENS,"PROSPECT STREET, 335",ZONE 2,OO,OPEN,41.32057,-72.922467
0430,CEN,LEITNER OBSV & PLANET.,"PROSPECT STREET, 355",ZONE 2,OO,OPEN,41.321142,-72.921943
0434,CEN,GREENBERG CONF CENTER,"PROSPECT STREET, 391",OUTSOURCE,OO,OPEN,41.322215,-72.921924
0435,CEN,BETTS HOUSE,"PROSPECT STREET, 393",OUTSOURCE,OO,OPEN,41.322497,-72.922121
0440,CEN,STERLING DIV. QUAD.,"PROSPECT STREET, 409",ZONE 2,OO,OPEN,41.3234,-72.92169
0442,CEN,BAUER HALL,"PROSPECT STREET, 409",ZONE 2,OO,OPEN,41.32388889,-72.92111111
0445,CEN,"PROSPECT ST,459","PROSPECT STREET, 459",ZONE 2,OO,OPEN,41.324252,-72.922827
0502,CEN,MILLER HALL,"PROSPECT STREET, 406",ZONE 2,OO,OPEN,41.323139,-72.923755
0504,CEN,MANSFIELD APTS 291&295,"MANSFIELD STREET, 291 & 295",ZONE 2,OO,OPEN,41.32312,-72.924998
0505,CEN,MANSFIELD APTS 293&297,"MANSFIELD STREET, 293 & 297",ZONE 2,OO,OPEN,41.323006,-72.924769
0506,CEN,MANSFIELD APTS 299-301,"MANSFIELD STREET, 299-301",ZONE 2,OO,OPEN,41.323187,-72.924685
0507,CEN,MANSFIELD APTS 303-305,"MANSFIELD STREET, 303-305",ZONE 2,OO,OPEN,41.323381,-72.924542
0509,CEN,MANSFIELD APTS 307-309,"MANSFIELD STREET, 307-309",ZONE 2,OO,OPEN,41.323346,-72.925078
0510,CEN,ESPLANADE APTS A1-A9,"PROSPECT STREET, 386",ZONE 2,OO,OPEN,41.32249,-72.923749
0511,CEN,ESPLANADE APTS B1-B8,"PROSPECT STREET, 386",ZONE 2,OO,OPEN,41.322539,-72.92406
0512,CEN,ESPLANADE APTS C1-C8,"PROSPECT STREET, 386",ZONE 2,OO,OPEN,41.322602,-72.924363
0513,CEN,ESPLANADE APTS D1-D8,"PROSPECT STREET, 386",ZONE 2,OO,OPEN,41.322662,-72.92465
0514,CEN,ESPLANADE APTS E1-E8,"PROSPECT STREET, 386",ZONE 2,OO,OPEN,41.322721,-72.924972
0520,CEN,MARSH HALL,"PROSPECT STREET, 360",ZONE 1,OO,OPEN,41.321252,-72.923652
0525,CEN,GREELEY MEM. LAB,"PROSPECT STREET, 370",ZONE 1,OO,OPEN,41.321936,-72.924477
0535,CEN,MBG GREENHOUSE 1,"MANSFIELD STREET, 265",ZONE 2,OO,OPEN,41.321604,-72.925193
0545,CEN,MBG GREENHOUSE 2,"MANSFIELD STREET, 265",ZONE 2,OO,OPEN,41.322371,-72.925239
0550,CEN,MBG GREENHOUSE GOVT,"MANSFIELD STREET, 265",ZONE 2,OO,OPEN,41.322487,-72.925293
0555,CEN,"MANSFIELD ST, 279","MANSFIELD STREET, 279",ZONE 2,OO,OPEN,41.322531,-72.925516
0605,CEN,SCIENCE PARK BLDG 02,"DIVISION STREET, 50",ZONE 2,OO,OPEN,41.3247820854,-72.9254724869
0645,CEN,CEN CAMPUS CHILLER PLT,"WINCHESTER AVENUE, 330",ZONE 2,OO,OPEN,41.323174,-72.929666
0655,CEN,"WINCHESTER AVE, 344","WINCHESTER AVENUE, 344",LEASED,OO,OPEN,41.324618,-72.929401
0700,CEN,"MANSFIELD ST,  68","MANSFIELD STREET,  68",ZONE 2,OO,OPEN,41.31688,-72.926062
0705,CEN,"MANSFIELD ST,  42","MANSFIELD STREET,  42",LEASED,OL,OPEN,41.316315,-72.925993
0710,CEN,"SACHEM ST,105-115","SACHEM STREET,105-115",LEASED,OL,OPEN,41.316245,-72.926832
0745,CEN,"WINCHESTER AVE, 182","WINCHESTER AVENUE, 182",ZONE 2,OO,OPEN,41.319485,-72.928279
0750,CEN,SCIENCE PARK BLDG 25,"MUNSON STREET, 150",OUTSOURCE,OM,OPEN,41.321057,-72.929122
0800,CEN,"PROSPECT ST,314","PROSPECT STREET, 314",ZONE 2,OO,OPEN,41.32032,-72.923779
0805,CEN,"PROSPECT ST,310","PROSPECT STREET, 310",ZONE 2,OO,OPEN,41.320054,-72.923796
0806,CEN,"PROSPECT ST,300","PROSPECT STREET, 300",ZONE 2,OO,OPEN,41.319789,-72.92378
0810,CEN,"PROSPECT ST,282","PROSPECT STREET, 282",LEASED,OO,OPEN,41.319512,-72.923832
0815,CEN,"PROSPECT ST,276","PROSPECT STREET, 276",ZONE 2,OO,OPEN,41.319153,-72.923977
0820,CEN,"PROSPECT ST,254","PROSPECT STREET, 254",ZONE 2,OO,OPEN,41.318746,-72.924044
0900,CEN,"PROSPECT ST,242","PROSPECT STREET, 242",LEASED,OL,OPEN,41.318505,-72.924066
0905,CEN,"PROSPECT ST,238","PROSPECT STREET, 238",ZONE 2,OO,OPEN,41.318312,-72.924112
0910,CEN,"PROSPECT ST,230","PROSPECT STREET, 230",ZONE 2,OO,OPEN,41.318107,-72.924139
0915,CEN,"PROSPECT ST,210","PROSPECT STREET, 210",ZONE 2,OO,OPEN,41.317557,-72.924276
0920,CEN,"PROSPECT ST,204","PROSPECT STREET, 204",ZONE 2,OO,OPEN,41.31739,-72.924313
0921,CEN,"PROSPECT ST,202","PROSPECT STREET, 202",OUTSOURCE,OO,OPEN,41.317246,-72.924357
0924,CEN,PROSPECT-SACHEM GAR,"PROSPECT STREET, 200",ZONE 2,OO,OPEN,41.31791,-72.92474
0925,CEN,INGALLS RINK,"SACHEM STREET, 73",ZONE 2,OO,OPEN,41.316764,-72.925103
1000,CEN,"PROSPECT ST,301","PROSPECT STREET, 301",ZONE 1,OO,OPEN,41.319906,-72.922811
1005,CEN,"EDWARDS ST, 360","EDWARDS STREET, 360",LEASED,OL,OPEN,41.319724,-72.922786
1006,CEN,CHEMICAL SAFETY BLDG CLOSED,"EDWARDS STREET, 350",ZONE 1,OO,CLOSED,41.318929,-72.921959
1007,CEN,LOT  29 - 350 EDWARDS,"EDWARDS STREET, 350",ZONE 1,OO,OPEN,41.319794,-72.921559
1009,CEN,LOT  29V -350 EDWARDS VS,"EDWARDS STREET, 350",ZONE 1,OO,OPEN,41.319788,-72.921738
1010,CEN,"EDWARDS ST, 340","EDWARDS STREET, 340",ZONE 1,OO,OPEN,41.319712,-72.921298
1011,CEN,MEDICAL SCREEN TRAILER CLOSED,"EDWARDS STREET, 350",ZONE 1,OO,CLOSED,,
1012,CEN,PSEB SERVICE NODE,"EDWARDS STREET,",ZONE 1,OO,OPEN,,
1015,CEN,PIERSON-SAGE GARAGE CLOSED,"WHITNEY AVENUE, 280",ZONE 1,OO,CLOSED,41.31943,-72.920275
1020,CEN,WRIGHT LAB,"WHITNEY AVENUE, 272",ZONE 1,OO,OPEN,41.318961,-72.920686
1023,CEN,WRIGHT LAB - CONNECTOR,"WHITNEY AVENUE, 270",ZONE 1,OO,OPEN,41.319079,-72.921166
1025,CEN,WRIGHT LAB - WEST,"WHITNEY AVENUE, 268",ZONE 1,OO,OPEN,41.318459,-72.921449
1030,CEN,BASS CENTER,"WHITNEY AVENUE, 266",ZONE 1,OO,OPEN,41.318122,-72.921837
1035,CEN,J.W. GIBBS LABS RAZED,"WHITNEY AVENUE, 260",ZONE 1,OO,CLOSED,41.317413,-72.921748
1036,CEN,YALE SCIENCE BUILDING,"WHITNEY AVENUE, 260",ZONE 1,OO,OPEN,41.317413,-72.921748
1040,CEN,KLINE GEOLOGY LAB,"WHITNEY AVENUE, 210",ZONE 1,OO,OPEN,41.316541,-72.92106
1045,CEN,YALE PEABODY MUSEUM,"WHITNEY AVENUE, 170",ZONE 1,OO,OPEN,41.315971,-72.921142
1049,CEN,ENVIRONMTL SCIENCE CTR,"SACHEM STREET, 21",ZONE 1,OO,OPEN,41.316078,-72.921769
1055,CEN,OSBORN MEMORIAL LAB,"PROSPECT STREET, 165",ZONE 1,OO,OPEN,41.316402,-72.923796
1067,CEN,KROON HALL,"PROSPECT STREET, 195",ZONE 1,OO,OPEN,41.316783,-72.92342
1070,CEN,SAGE-BOWERS HALL,"PROSPECT STREET, 205",ZONE 1,OO,OPEN,41.317156,-72.923697
1075,CEN,SLOANE PHYSICS LAB,"PROSPECT STREET, 217",ZONE 1,OO,OPEN,41.317345,-72.923108
1080,CEN,KLINE TOWER,"PROSPECT STREET, 219",ZONE 1,OO,OPEN,41.317218,-72.922686
1085,CEN,STERLING CHEM LAB,"PROSPECT STREET, 225",ZONE 1,OO,OPEN,41.318237,-72.922934
1090,CEN,KLINE CHEMISTRY LAB,"PROSPECT STREET, 255",ZONE 1,OO,OPEN,41.318843,-72.922714
1093,CEN,CHEMISTRY RES BLDG,"PROSPECT STREET, 275",ZONE 1,OO,OPEN,41.319259,-72.922661
1095,CEN,"EDWARDS ST, 380","EDWARDS STREET, 380",ZONE 1,OO,OPEN,41.319814,-72.922393
1100,CEN,HORCHOW HALL,"HILLHOUSE AVENUE, 55",ZONE 2,OO,OPEN,41.31543,-72.922403
1105,CEN,"SACHEM ST, 36","SACHEM STREET, 36",ZONE 2,OO,OPEN,41.315487,-72.921899
1110,CEN,"SACHEM ST, 10","SACHEM STREET, 10",ZONE 2,OO,OPEN,41.315221,-72.921483
1120,CEN,"HILLHOUSE AVE,27","HILLHOUSE AVENUE, 27",ZONE 2,OO,OPEN,41.313684,-72.923163
1125,CEN,ALLWIN HALL,"HILLHOUSE AVENUE, 31",ZONE 2,OO,OPEN,41.313919,-72.923116
1130,CEN,"HILLHOUSE AVE,35","HILLHOUSE AVENUE, 35",ZONE 2,OO,OPEN,41.314187,-72.922896
1135,CEN,"HILLHOUSE AVE,37","HILLHOUSE AVENUE, 37",ZONE 2,OO,OPEN,41.314479,-72.922822
1140,CEN,"HILLHOUSE AVE,43","HILLHOUSE AVENUE, 43",ZONE 2,OO,OPEN,41.314727,-72.922714
1145,CEN,"HILLHOUSE AVE,51","HILLHOUSE AVENUE, 51",ZONE 2,OO,OPEN,41.315107,-72.922615
1152,CEN,EDWARD P EVANS HALL,"WHITNEY AVENUE, 165",,OO,OPEN,41.315074,-72.920063
1180,CEN,"WHITNEY AVE, 221","WHITNEY AVENUE, 221",ZONE 2,OO,OPEN,41.316733,-72.919795
1200,CEN,FOUNDERS HALL,"PROSPECT STREET, 135",ZONE 2,OO,OPEN,41.31569,-72.924257
1205,CEN,WATSON CENTER,"SACHEM STREET, 60",ZONE 2,OO,OPEN,41.315756,-72.92372
1210,CEN,"EVANS HALL, THOMAS M.","HILLHOUSE AVENUE, 56",ZONE 2,OO,OPEN,41.315689,-72.923332
1215,CEN,STEINBACH HALL,"HILLHOUSE AVENUE, 52",ZONE 2,OO,OPEN,41.315431,-72.923441
1220,CEN,"HILLHOUSE AVE,46","HILLHOUSE AVENUE, 46",ZONE 2,OO,OPEN,41.315049,-72.923594
1225,CEN,"HILLHOUSE AVE,38","HILLHOUSE AVENUE, 38",ZONE 2,OO,OPEN,41.314576,-72.923746
1230,CEN,"HILLHOUSE AVE,30","HILLHOUSE AVENUE, 30",ZONE 2,OO,OPEN,41.314053,-72.923937
1235,CEN,"HILLHOUSE AVE,28","HILLHOUSE AVENUE, 28",ZONE 2,OO,OPEN,41.313861,-72.923997
1236,CEN,"TRUMBULL ST, 87","TRUMBULL STREET, 87",ZONE 2,OO,OPEN,41.3141005497,-72.9242870581
1240,CEN,"TRUMBULL ST, 85","TRUMBULL STREET, 85",ZONE 2,OO,OPEN,41.313858,-72.924351
1250,CEN,"PROSPECT ST, 77","PROSPECT STREET,  77",ZONE 2,OO,OPEN,41.313967,-72.924613
1255,CEN,"LUCE HALL, HENRY R.","HILLHOUSE AVENUE, 34",ZONE 2,OO,OPEN,41.314402,-72.924341
1261,CEN,ROSENKRANZ HALL,"PROSPECT STREET, 115",ZONE 2,OO,OPEN,41.314669,-72.924519
1350,CEN,BENJAMIN FRANKLIN COLLEGE,"PROSPECT STREET,  90",,OO,OPEN,41.314576,-72.925392
1354,CEN,PAULI MURRAY COLLEGE,"PROSPECT STREET, 130",,OO,OPEN,41.31523,-72.925488
1385,CEN,ROSE CENTER,"ASHMUN STREET, 101",ZONE 4,OO,OPEN,41.315946,-72.928808
1390,CEN,YALE HEALTH CENTER,"LOCK STREET, 55",ZONE 4,OO,OPEN,41.315632,-72.927574
1401,CEN,GROUNDS MAINT GARAGE 4,"ASHMUN STREET,  76",ZONE 4,OO,OPEN,41.314922,-72.929168
1402,CEN,"ASHMUN ST,78/LAKE PL,10","ASHMUN STREET,  78",LEASED,OL,OPEN,41.315196721,-72.9290983292
1405,CEN,"ASHMUN ST, 100","ASHMUN STREET, 100",LEASED,OL,OPEN,41.3158268361,-72.929327921
1413,CEN,BAKER HALL,"TOWER PARKWAY,100",ZONE 4,OO,OPEN,41.313749,-72.929123
1425,CEN,CENTRAL POWER PLANT,"TOWER PARKWAY,120",ZONE 4,OO,OPEN,41.313039,-72.928887
1431,CEN,"YORK SQUARE PL, 104","YORK SQUARE PLACE,104",LEASED,OL,OPEN,41.314157,-72.929725
1436,CEN,"YORK SQUARE PL,  94","YORK SQUARE PLACE, 94",LEASED,OL,OPEN,41.314112,-72.929785
1439,CEN,"YORK SQUARE PL,  96","YORK SQUARE PLACE, 96",LEASED,OL,OPEN,41.314177,-72.929676
1440,CEN,PAYNE WHITNEY GYM,"TOWER PARKWAY, 70",ZONE 4,OO,OPEN,41.313769,-72.930945
1445,CEN,RAY TOMPKINS HOUSE,"TOWER PARKWAY, 20",ZONE 4,OO,OPEN,41.313218,-72.931827
1482,CEN,DIXWELL LOT,"DIXWELL AVENUE, 40",ZONE 4,OL,OPEN,41.313831,-72.932789
1484,CEN,"GOFFE ST, 63-65","GOFFE STREET, 63-65",ZONE 4,OO,OPEN,41.31464,-72.93359
1485,CEN,"GOFFE ST, 71","GOFFE STREET, 71",ZONE 4,OO,OPEN,41.314746,-72.933686
1486,CEN,"GOFFE ST, 87","GOFFE STREET, 87",ZONE 4,OO,OPEN,41.314975,-72.934066
1487,CEN,"GOFFE ST, 89 LAND","GOFFE STREET, 89",ZONE 4,OO,OPEN,41.315091,-72.934165
1489,CEN,"GOFFE ST, 49","GOFFE STREET, 49",ZONE 4,OM,OPEN,41.314478,-72.933563
1500,CEN,"HILLHOUSE AVE,24","HILLHOUSE AVENUE, 24",ZONE 2,OO,OPEN,41.313434,-72.924139
1505,CEN,LEET OLIVER MEM HALL,"HILLHOUSE AVENUE, 12",ZONE 2,OO,OPEN,41.312687,-72.924334
1510,CEN,DUNHAM LAB,"HILLHOUSE AVENUE, 10",ZONE 1,OO,OPEN,41.312299,-72.924548
1515,CEN,KIRTLAND HALL,"HILLHOUSE AVENUE,  2",ZONE 2,OO,OPEN,41.311865,-72.924646
1520,CEN,SHEFFD-STERL-STRATHC,"PROSPECT STREET,   1-3",ZONE 2,OO,OPEN,41.311851,-72.925272
1525,CEN,BECTON E&AS CENTER,"PROSPECT STREET,  15-17",ZONE 1,OO,OPEN,41.312583,-72.925221
1530,CEN,A.K. WATSON HALL,"PROSPECT STREET,  51",ZONE 2,OO,OPEN,41.313064,-72.924933
1540,CEN,MALONE ENGIN CENTER,"PROSPECT STREET,  55",ZONE 1,OO,OPEN,41.313348,-72.924858
1605,CEN,"TEMPLE ST, 442","TEMPLE STREET, 442",ZONE 2,OO,OPEN,41.313067,-72.922578
1610,CEN,"TEMPLE ST, 432","TEMPLE STREET, 432",ZONE 2,OO,OPEN,41.312822,-72.922683
1612,CEN,"TEMPLE ST, 434","TEMPLE STREET, 434",ZONE 2,OO,OPEN,41.312902,-72.922632
1615,CEN,HELEN HADLEY HALL RAZED,"TEMPLE STREET, 420",ZONE 2,OO,CLOSED,41.312524,-72.923042
1620,CEN,DOW HALL,"TEMPLE STREET, 370",ZONE 2,OO,OPEN,41.311315,-72.923886
1625,CEN,WARNER HOUSE,"HILLHOUSE AVENUE,  1",ZONE 2,OO,OPEN,41.311377,-72.924115
1630,CEN,MASON LAB,"HILLHOUSE AVENUE,  9",ZONE 1,OO,OPEN,41.312108,-72.923669
1635,CEN,"HILLHOUSE AVE,15","HILLHOUSE AVENUE, 15",ZONE 2,OO,OPEN,41.31241,-72.923706
1640,CEN,"HILLHOUSE AVE,17","HILLHOUSE AVENUE, 17",ZONE 2,OO,OPEN,41.312781,-72.923576
1705,CEN,WHITNEY GROVE SQUARE,"WHITNEY AVENUE,   2",OUTSOURCE,OM,OPEN,41.310763,-72.92284
1715,CEN,ROSENFELD HALL,"GROVE STREET, 109-111",ZONE 3,OO,OPEN,41.311047,-72.923403
1720,CEN,"TEMPLE ST, 405","TEMPLE STREET, 405",ZONE 2,OO,OPEN,41.31201,-72.922906
1725,CEN,"TEMPLE ST, 415","TEMPLE STREET, 415",LEASED,OL,OPEN,41.312221,-72.922718
1727,CEN,"TEMPLE ST, 421/WHT58-64","TEMPLE STREET, 421",LEASED,OM,OPEN,41.312278,-72.922282
1730,CEN,"TEMPLE ST, 433/WHT68-80","TEMPLE STREET, 433",LEASED,OM,OPEN,41.312602,-72.922248
1750,CEN,GROVE ST PARK GARAGE,"GROVE STREET,  57",LEASED,NL,OPEN,41.310436,-72.921686
1760,CEN,"WHITNEY AVE, 121","WHITNEY AVENUE, 121",LEASED,NL,OPEN,41.313818,-72.921209
1775,CEN,"WHITNEY AVE,  55","WHITNEY AVENUE,  55",OUTSOURCE,OM,OPEN,41.311945,-72.921861
1800,CEN,SILLIMAN COLLEGE,"COLLEGE STREET, 505",ZONE 3,OO,OPEN,41.310813,-72.924871
1810,CEN,"COLLEGE ST, 493","COLLEGE STREET, 493",ZONE 3,OO,OPEN,41.310847,-72.925666
1815,CEN,ST. ANTHONY HALL,"COLLEGE STREET, 483",,A,OPEN,41.310705,-72.925807
1820,CEN,TIMOTHY DWIGHT COLL.,"TEMPLE STREET, 345",ZONE 3,OO,OPEN,41.31028,-72.923764
1825,CEN,"CHURCH ST, 258/GROVE,96","CHURCH STREET, 258",ZONE 3,OM,OPEN,41.31039,-72.922927
1830,CEN,"CHURCH ST, 250","CHURCH STREET, 250",ZONE 3,OO,OPEN,41.310132,-72.923057
1835,CEN,"CHURCH ST, 246","CHURCH STREET, 246",ZONE 3,OO,OPEN,41.310002,-72.923337
1840,CEN,"WALL ST, 53","WALL STREET,  53",ZONE 3,OO,OPEN,41.309813,-72.923678
1900,CEN,STOECKEL HALL,"COLLEGE STREET, 469",ZONE 3,OO,OPEN,41.310498,-72.926024
1905,CEN,"WALL ST, 82-90","WALL STREET,  82-90",ZONE 3,OM,OPEN,41.310348,-72.925617
1913,CEN,"SLIFKA CENTER, JOSEPH","WALL STREET,  80",ZONE 3,A,OPEN,41.310179,-72.925269
1920,CEN,"WALL ST, 66","WALL STREET,  66",ZONE 3,OO,OPEN,41.310013,-72.924781
1925,CEN,"TEMPLE ST, 320","TEMPLE STREET, 320",ZONE 3,OO,OPEN,41.309848,-72.924908
1930,CEN,"TEMPLE ST, 302","TEMPLE STREET, 302",ZONE 3,OO,OPEN,41.309388,-72.925315
1935,CEN,"ELM ST, 143","ELM STREET, 143",ZONE 3,OO,OPEN,41.309067,-72.925455
1940,CEN,"ELM ST, 149","ELM STREET, 149",ZONE 3,OO,OPEN,41.309182,-72.925639
1945,CEN,HENDRIE HALL,"ELM STREET, 165",ZONE 3,OO,OPEN,41.309383,-72.926175
1946,CEN,ADAMS CENTER,"ELM STREET, 165",ZONE 3,OO,OPEN,41.3095571926,-72.9260762446
1948,CEN,ELIHU HOUSE,"ELM STREET, 175",,A,OPEN,41.309451,-72.926438
1950,CEN,LEIGH HALL,"COLLEGE STREET, 435",ZONE 3,OO,OPEN,41.309852,-72.926412
1955,CEN,"COLLEGE ST, 451","COLLEGE STREET, 451",ZONE 3,OO,OPEN,41.310136,-72.926232
1960,CEN,ELIZABETHAN CLUB,"COLLEGE STREET, 459",ZONE 3,A,OPEN,41.310329,-72.926123
1985,CEN,"CHURCH ST, 157","CHURCH STREET, 157",LEASED,NL,OPEN,41.30688,-72.924629
2000,CEN,STERLING LAW BLDGS.,"WALL STREET, 127",ZONE 4,OO,OPEN,41.312037,-72.928189
2005,CEN,BEINECKE LIBRARY,"WALL STREET, 121",ZONE 3,OO,OPEN,41.311564,-72.927303
2007,CEN,HEWITT UNIV QUADRANGLE,"WALL STREET, 111",ZONE 3,OO,OPEN,41.311258,-72.926938
2008,CEN,BOOK AND SNAKE,"GROVE STREET, 214",,A,OPEN,41.312072,-72.927064
2010,CEN,SCHWARZMAN CENTER,"GROVE STREET, 168",ZONE 3,OO,OPEN,41.311803,-72.926478
2015,CEN,WOOLSEY HALL,"COLLEGE STREET, 500",ZONE 3,OO,OPEN,41.31129,-72.926125
2018,CEN,SCROLL AND KEY,"COLLEGE STREET, 484",,A,OPEN,41.31095,-72.92633
2020,CEN,WOODBRIDGE HALL,"WALL STREET, 105",ZONE 3,OO,OPEN,41.31117,-72.926693
2025,CEN,"SPRAGUE HALL,ARNOLD","COLLEGE STREET, 470",ZONE 3,OO,OPEN,41.310687,-72.926576
2030,CEN,W. L. HARKNESS HALL,"WALL STREET, 100",ZONE 3,OO,OPEN,41.310617,-72.92687
2035,CEN,GRACE HOPPER COLLEGE,"ELM STREET, 189",ZONE 3,OO,OPEN,41.309936,-72.927225
2040,CEN,BERKELEY COLLEGE,"ELM STREET, 205",ZONE 3,OO,OPEN,41.310305,-72.928105
2045,CEN,BASS LIBRARY,"WALL STREET, 110",ZONE 3,OO,OPEN,41.310685,-72.927608
2050,CEN,TRUMBULL COLLEGE,"ELM STREET, 241",ZONE 4,OO,OPEN,41.310703,-72.929112
2055,CEN,STERLING MEM LIBRARY,"HIGH STREET,120",ZONE 4,OO,OPEN,41.311139,-72.928898
2100,CEN,MORSE COLLEGE,"YORK STREET, 304",ZONE 4,OO,OPEN,41.312639,-72.930124
2105,CEN,HUMANITIES QUADRANGLE,"YORK STREET, 320",ZONE 4,OO,OPEN,41.31224,-72.929413
2110,CEN,"YORK ST, 276-286","YORK STREET, 276-286",,OM,OPEN,41.311213,-72.929844
2125,CEN,"BROADWAY, 29-45","BROADWAY, 29-45",LEASED,OL,OPEN,41.311257,-72.930506
2130,CEN,"BROADWAY, 35","BROADWAY, 35",,OO,OPEN,41.311345,-72.930603
2140,CEN,"BROADWAY, 77","BROADWAY, 77",LEASED,OL,OPEN,41.311776,-72.931241
2145,CEN,EZRA STILES COLLEGE,"YORK STREET, 302",ZONE 4,OO,OPEN,41.312485,-72.930846
2301,CEN,HOWE ST GARAGE,"HOWE STREET, 67-81",ZONE 4,OM,OPEN,41.309886,-72.934817
2304,CEN,"EDGEWOOD AVE, 32-36","EDGEWOOD AVENUE, 32-36",ZONE 4,OO,OPEN,41.310234,-72.934021
2305,CEN,"EDGEWOOD AVE, 28","EDGEWOOD AVENUE, 28",ZONE 4,OO,OPEN,41.310227,-72.933834
2345,CEN,"CHAPEL ST, 1201","CHAPEL STREET, 1201",ZONE 4,OO,OPEN,41.30929,-72.934321
2400,CEN,"ELM ST, 316-320","ELM STREET, 316-320",LEASED,OL,OPEN,41.31114,-72.931728
2403,CEN,ARNOLD HALL,"ELM STREET, 304",ZONE 4,OM,OPEN,41.311041,-72.93145
2405,CEN,"ELM ST, 294-296","ELM STREET, 294-296",ZONE 4,OM,OPEN,41.31066,-72.930282
2408,CEN,"ELM ST, 272 GRAD HOUS","ELM STREET, 272",ZONE 4,OM,OPEN,41.3109928069,-72.9308768023
2420,CEN,DAVENPORT COLLEGE,"YORK STREET, 248",ZONE 4,OO,OPEN,41.310418,-72.931252
2425,CEN,PIERSON COLLEGE,"PARK STREET, 261",ZONE 4,OO,OPEN,41.310049,-72.932166
2430,CEN,ROSE ALUMNI HOUSE,"YORK STREET, 232",ZONE 4,OO,OPEN,41.309894,-72.931056
2435,CEN,UNIVERSITY THEATRE,"YORK STREET, 222",ZONE 4,OO,OPEN,41.309701,-72.931255
2438,CEN,WOLFS HEAD,"YORK STREET, 210",,A,OPEN,41.309401,-72.931513
2440,CEN,"YORK ST, 220","YORK STREET, 220",ZONE 4,OO,OPEN,41.309698,-72.931865
2445,CEN,"YORK ST, 212","YORK STREET, 212",ZONE 4,OO,OPEN,41.309502,-72.932049
2450,CEN,"YORK ST, 202","YORK STREET, 202",OUTSOURCE,OO,OPEN,41.309127,-72.931495
2455,CEN,"YORK ST, 204","YORK STREET, 204",ZONE 4,OO,OPEN,41.309298,-72.931908
2470,CEN,RUDOLPH HALL,"YORK STREET, 180",ZONE 4,OO,OPEN,41.308779,-72.931892
2475,CEN,"PARK ST, 205","PARK STREET, 205",ZONE 4,OO,OPEN,41.309222,-72.93297
2480,CEN,"PARK ST, 211","PARK STREET, 211",ZONE 4,OO,OPEN,41.309407,-72.932877
2485,CEN,"PARK ST, 215","PARK STREET, 215",ZONE 4,OO,OPEN,41.309241,-72.932397
2490,CEN,"PARK ST, 217","PARK STREET, 217",ZONE 4,OO,OPEN,41.309578,-72.932691
2500,CEN,SAYBROOK COLLEGE,"ELM STREET, 242",ZONE 4,OO,OPEN,41.310092,-72.929603
2505,CEN,BRANFORD COLLEGE,"HIGH STREET, 74",ZONE 4,OO,OPEN,41.310308,-72.928117
2510,CEN,JONATHAN EDWARDS COL,"HIGH STREET, 68",ZONE 4,OO,OPEN,41.309104,-72.930527
2515,CEN,WEIR HALL,"HIGH STREET, 66",ZONE 4,OO,OPEN,41.30879,-72.930364
2518,CEN,SKULL AND BONES,"HIGH STREET, 64",,A,OPEN,41.308509,-72.930224
2520,CEN,YALE U. ART GALLERY,"CHAPEL STREET, 1111",ZONE 4,OO,OPEN,41.308313,-72.930815
2600,CEN,LANMAN-WRIGHT HALL,"ELM STREET, 206",ZONE 3,OM,OPEN,41.309735,-72.928692
2605,CEN,"DURFEE HALL,BRADFORD","ELM STREET, 198",ZONE 3,OO,OPEN,41.309622,-72.928056
2610,CEN,BATTELL CHAPEL,"COLLEGE STREET, 400",ZONE 3,OO,OPEN,41.309372,-72.927515
2615,CEN,"FARNAM HALL, HENRY","COLLEGE STREET, 380",ZONE 3,OO,OPEN,41.309048,-72.927711
2620,CEN,"LAWRANCE HALL,THOMAS","COLLEGE STREET, 358",ZONE 3,OO,OPEN,41.308676,-72.927996
2625,CEN,PHELPS HALL,"COLLEGE STREET, 344",ZONE 3,OO,OPEN,41.308412,-72.928206
2630,CEN,"WELCH HALL,HARMANUS","COLLEGE STREET, 330",ZONE 3,OO,OPEN,41.308147,-72.928369
2635,CEN,"BINGHAM HALL,CHARLES","COLLEGE STREET, 300",ZONE 3,OO,OPEN,41.30772,-72.928737
2640,CEN,CONNECTICUT HALL,"CHAPEL STREET, 1017",ZONE 3,OO,OPEN,41.308085,-72.928888
2645,CEN,"MCCLELLAN HALL,EDWIN","CHAPEL STREET, 1037",ZONE 3,OO,OPEN,41.30827,-72.929339
2650,CEN,VANDERBILT HALL,"CHAPEL STREET, 1035",ZONE 3,OO,OPEN,41.30788,-72.929339
2655,CEN,STREET HALL,"CHAPEL STREET, 1071",ZONE 3,OO,OPEN,41.308026,-72.92993
2660,CEN,LINSLY-CHITTENDEN,"HIGH STREET, 63",ZONE 3,OO,OPEN,41.308569,-72.929557
2665,CEN,DWIGHT HALL & CHAPEL,"HIGH STREET, 67",ZONE 3,OO,OPEN,41.308927,-72.929303
2700,CEN,YALE REPERTORY THEATRE,"CHAPEL STREET, 1120",ZONE 4,OO,OPEN,41.308064,-72.931607
2705,CEN,"BRITISH ART, YALE CTR","CHAPEL STREET, 1080",ZONE 4,OM,OPEN,41.307776,-72.930972
2706,CEN,WARNER BLDG,"CHAPEL STREET, 1042-1046",LEASED,OL,OPEN,41.307579,-72.929787
2715,CEN,"HIGH ST,  26","HIGH STREET, 26",ZONE 4,OO,OPEN,41.307043,-72.931202
2720,CEN,"CROWN ST, 295-297","CROWN STREET, 295-297",ZONE 4,OO,OPEN,41.306992,-72.931596
2725,CEN,"CROWN ST, 301","CROWN STREET, 301",ZONE 4,OO,OPEN,41.307075,-72.931744
2730,CEN,"CROWN ST, 305","CROWN STREET, 305",ZONE 4,OO,OPEN,41.307172,-72.931966
2733,CEN,"YORK ST, 100","YORK STREET, 100",LEASED,NL,OPEN,41.306953,-72.933233
2735,CEN,YORK-CROWN APTS 313-319,"CROWN STREET, 313-319",ZONE 4,OO,OPEN,41.307251,-72.93227
2739,CEN,"YORK ST, 129","YORK STREET, 129",LEASED,NL,OPEN,41.306669,-72.932635
2740,CEN,YORK-CROWN APTS 139-143,"YORK STREET, 139-143",ZONE 4,OO,OPEN,41.307441,-72.932194
2744,CEN,"YORK ST, 146 RAZED","YORK STREET, 146",ZONE 4,OO,CLOSED,41.307605,-72.932524
2745,CEN,"YORK ST, 149","YORK STREET, 149",ZONE 4,OO,OPEN,41.30755,-72.93193
2750,CEN,"CROWN ST, 270","CROWN STREET, 270",ZONE 4,OO,OPEN,41.306341,-72.93079
2752,CEN,"CROWN ST, 255","CROWN STREET, 255",LEASED,OL,OPEN,41.306271,-72.929881
2770,CEN,GREEN HALL,"CHAPEL STREET, 1156",ZONE 4,OO,OPEN,41.308741,-72.932343
2777,CEN,"YORK ST, 170","YORK STREET, 170",LEASED,OL,OPEN,41.3085492985,-72.9319676572
2778,CEN,"YORK ST, 168","YORK STREET, 168",LEASED,OL,OPEN,41.3083272139,-72.9321432734
2780,CEN,"YORK ST, 150","YORK STREET, 150",ZONE 4,OM,OPEN,41.307945,-72.932587
2783,CEN,LOT  80T - 333 CROWN CLOSED,"CROWN STREET, 333",ZONE 4,OO,CLOSED,41.307526,-72.932817
2786,CEN,"CROWN ST, 341-347 RAZED","CROWN STREET, 341-347",ZONE 4,OM,CLOSED,41.307879,-72.933226
2955,MED,"COLLEGE ST, 135 (127-153)","COLLEGE STREET, 127-153",OUTSOURCE,OM,OPEN,41.304523,-72.930358
2963,MED,"GEORGE ST, 350","GEORGE STREET, 350",MEDICAL,OO,OPEN,41.3058601392,-72.9329776888
3000,MED,CONGRESS PLACE,"CEDAR STREET, 301",MEDICAL,OM,OPEN,41.301779,-72.933291
3020,MED,"CONGRESS AVE, 270","CONGRESS AVENUE, 270",MEDICAL,OO,OPEN,41.301963,-72.932257
3050,MED,COLLEGE PLACE,"COLLEGE STREET,  37-55",MEDICAL,OO,OPEN,41.302996,-72.931509
3065,MED,"CHURCH ST SOUTH, 100","CHURCH STREET SOUTH, 100",OUTSOURCE,OM,OPEN,41.299479,-72.930286
3070,MED,AMISTAD STREET BUILDING,"AMISTAD STREET, 10",MEDICAL,OO,OPEN,41.300163,-72.931774
3100,MED,HOPE MEMORIAL BLDG,"CEDAR STREET, 315",MEDICAL,OO,OPEN,41.302059,-72.933483
3105,MED,STERLING HALL MED C,"CEDAR STREET, 333",MEDICAL,OO,OPEN,41.302556,-72.933718
3110,MED,STERLING HALL MED L,"CEDAR STREET, 333",MEDICAL,OO,OPEN,41.302982,-72.93336
3115,MED,STERLING HALL MED B,"CEDAR STREET, 333",MEDICAL,OO,OPEN,41.303453,-72.93347
3120,MED,M.S. HARKNESS MEM AUD,"CEDAR STREET, 333",MEDICAL,OO,OPEN,41.303418,-72.933816
3125,MED,STERLING HALL MED I,"CEDAR STREET, 333",MEDICAL,OO,OPEN,41.303806,-72.933826
3130,MED,NATHAN SMITH BLDG,"CEDAR STREET, 333",MEDICAL,OO,OPEN,41.303611,-72.934532
3140,MED,STERLING HALL MED I CDU,"CEDAR STREET, 333",MEDICAL,OO,OPEN,41.304066,-72.933898
3150,MED,E.S. HARKNESS BLDG D,"CEDAR STREET, 367",MEDICAL,OO,OPEN,41.304411,-72.933917
3155,MED,"LAB OF EPIDEM, PUBHL","COLLEGE STREET,  60",MEDICAL,OO,OPEN,41.303706,-72.932262
3160,MED,STERLING POWER PLANT,"CONGRESS AVENUE, 309",MEDICAL,OO,OPEN,41.30302,-72.932705
3165,MED,BOYER CTR MOLEC MED,"CONGRESS AVENUE, 295",MEDICAL,OO,OPEN,41.302396,-72.932705
3175,MED,"TEMPLE ST,  40","TEMPLE STREET,  40",LEASED,NL,OPEN,41.3037840941,-72.9292808661
3180,MED,"NIESON, IRVING HARRIS BLDG","SOUTH FRONTAGE ROAD, 230",MEDICAL,OO,OPEN,41.304207,-72.933492
3183,MED,"CHURCH ST SOUTH,   2","CHURCH STREET SOUTH,  2",OUTSOURCE,OM,OPEN,41.302126,-72.930023
3200,MED,YALE PHYSICIANS BLDG,"HOWARD AVENUE, 800",MEDICAL,OM,OPEN,41.302516,-72.936396
3205,MED,HOWARD AVE GARAGE,"HOWARD AVENUE, 790",MEDICAL,OO,OPEN,41.301841,-72.936199
3210,MED,"DAVENPORT AVE, 132","DAVENPORT AVENUE, 132",MEDICAL,OO,OPEN,41.302551,-72.937721
3300,MED,"LAB FOR SUR, OBST, GYN","CONGRESS AVENUE, 375",MEDICAL,OO,OPEN,41.301663,-72.934951
3305,MED,PRIMARY CARE CENTER,"HOWARD AVENUE, 789",MEDICAL,OO,OPEN,41.302043,-72.93496
3310,MED,TOMPKINS MEM PAVILION,"HOWARD AVENUE, 789",MEDICAL,OO,OPEN,41.30233,-72.935185
3315,MED,DANA CLINIC BLDG,"HOWARD AVENUE, 789",MEDICAL,OO,OPEN,41.302453,-72.935721
3320,MED,FITKIN MEM. PAVILION,"HOWARD AVENUE, 789",MEDICAL,OO,OPEN,41.302826,-72.935595
3325,MED,MAGNETIC RESONANCE CTR,"HOWARD AVENUE, 789",MEDICAL,OO,OPEN,41.302922,-72.935719
3330,MED,LIPPARD LAB CLIN INVEST,"YORK STREET,  15",MEDICAL,OO,OPEN,41.30319,-72.93569
3335,MED,"LAB FOR MEDIC, PEDIAT","YORK STREET,  15",MEDICAL,OO,OPEN,41.303192,-72.935311
3340,MED,FITKIN MEM. PAV. AUD.,"HOWARD AVENUE, 789",MEDICAL,OO,OPEN,41.303029,-72.934918
3345,MED,HUNTER BUILDING,"YORK STREET,  15",MEDICAL,OO,OPEN,41.303408,-72.935088
3350,MED,WINCHESTER BLDG,"YORK STREET,  25",MEDICAL,OO,OPEN,41.30332,-72.934634
3355,MED,BOARDMAN BLDG,"CEDAR STREET, 330",MEDICAL,OO,OPEN,41.302664,-72.934334
3360,MED,CLINIC BLDG,"HOWARD AVENUE, 789",MEDICAL,OO,OPEN,41.302663,-72.935079
3370,MED,TOMPKINS EAST BLDG,"HOWARD AVENUE, 789",MEDICAL,OO,OPEN,41.302425,-72.934527
3375,MED,BRADY MEMORIAL LAB,"CEDAR STREET, 310",MEDICAL,OO,OPEN,41.302205,-72.93404
3380,MED,LAUDER HALL,"CEDAR STREET, 310",MEDICAL,OO,OPEN,41.3019,-72.934203
3385,MED,FARNAM MEMORIAL BLDG,"CEDAR STREET, 310",MEDICAL,OO,OPEN,41.302207,-72.934762
3400,MED,THE ANLYAN CENTER,"CEDAR STREET, 300",MEDICAL,OO,OPEN,41.301327,-72.934237
3405,MED,LOT  96 - TAC EAST,"WASHINGTON AVENUE, 225",MEDICAL,OO,OPEN,41.300364,-72.93408
3520,MED,SEAMCO BLDG,"CONGRESS AVENUE, 464",LEASED,NL,OPEN,41.300766,-72.936067
3530,MED,"DAGGETT ST, 41","DAGGETT STREET, 41",LEASED,NL,OPEN,41.299557,-72.935991
3534,MED,"DAGGETT ST, 55","DAGGETT STREET, 55",LEASED,NL,OPEN,41.299906,-72.936349
3540,MED,"HOWARD AVE, 682-686","HOWARD AVENUE, 682-686",LEASED,NL,OPEN,41.299558,-72.935445
3600,ATH,YALE BOWL,"CENTRAL AVENUE, 81",ZONE 5,OO,OPEN,41.313091,-72.960451
3620,ATH,LAPHAM FIELD HOUSE,"DERBY AVENUE, 251",ZONE 5,OO,OPEN,41.31051,-72.960608
3625,ATH,"COXE CAGE,CHARLES E.","DERBY AVENUE, 257",ZONE 5,OO,OPEN,41.311021,-72.961963
3630,ATH,CULLMAN HEYMAN TENNIS,"DERBY AVENUE, 253",ZONE 5,OO,OPEN,41.310391,-72.962158
3634,ATH,TSAI LACROSSE FIELD HSE,"CENTRAL AVENUE, 73",ZONE 5,OO,OPEN,41.3118205308,-72.9621334726
3635,ATH,REESE STADIUM,"CENTRAL AVENUE, 75",ZONE 5,OO,OPEN,41.311531,-72.962137
3640,ATH,SMILOW FIELD CENTER,"DERBY AVENUE, 249",ZONE 5,OO,OPEN,41.311237,-72.959817
3700,ATH,INTRAMURAL PRACTICE A,"YALE AVENUE, 45",ZONE 5,OO,OPEN,41.313298,-72.964805
3710,ATH,"BUSH FIELD, GEORGE H.W.","DERBY AVENUE, 250",ZONE 5,OO,OPEN,41.30924,-72.959327
3737,ATH,ATHLETIC FAC GRNDS BLDG,"CENTRAL AVENUE, 70",ZONE 5,OO,OPEN,41.2447991107,-72.9780302251
3740,ATH,"THOMPSON FIELD, ANTH","CENTRAL AVENUE, 80",ZONE 5,OO,OPEN,41.312165,-72.96453
3743,ATH,DEWITT FAMILY FIELD,"CENTRAL AVENUE, 70",ZONE 5,OO,OPEN,41.312528,-72.968611
3744,ATH,CAROL MCPHILLIPS ROBERTS FH,"CENTRAL AVENUE, 70",ZONE 5,OO,OPEN,41.3114083816,-72.9684057405
3800,ATH,GOLF  COURSE - YALE,"CONRAD DRIVE, 200",ZONE 5,OO,OPEN,41.318497,-72.985152
3805,ATH,GOLF  COURSE CLUB HSE,"CONRAD DRIVE, 200",ZONE 5,OO,OPEN,41.315971,-72.987562
3810,ATH,GOLF C CART STOR BLDG,"CONRAD DRIVE, 200",ZONE 5,OO,OPEN,41.318103,-72.985199
3829,CT,OEC - LODGE (FORMER),"UPPER PATTAGANSETT RD,291",ZONE 5,OO,OPEN,41.388577676,-72.254782218
3830,CT,OEC - DINING HALL,"UPPER PATTAGANSETT RD,291",ZONE 5,OO,OPEN,41.388577676,-72.254782218
3900,CT,MCNAY SAILING CENTER,"CLARK AVENUE, 179",OUTSOURCE,OO,OPEN,41.255831,-72.851088
3910,CT,GUILFORD BIO FLD STA,"OLD QUARRY ROAD, 276",ZONE 5,OO,OPEN,41.260472,-72.730199
3912,NH,ERECTOR SQUARE,"PECK STREET, 315",LEASED,NL,OPEN,41.315757,-72.899994
4000,CT,OEC - OUTDOOR EDUC CTR,"UPPER PATTAGANSETT RD,291",ZONE 5,OO,OPEN,41.387536,-72.251918
4005,CT,LIBRARY SHELVING FAC,"LEEDER HILL DRIVE, 147",OUTSOURCE,OO,OPEN,41.345382,-72.921647
4010,CT,GILDER BOATHOUSE,"ROOSEVELT DRIVE, 280",OUTSOURCE,OO,OPEN,41.327738,-73.103758
4012,CT,"ROOT HOUSE, TIMOTHY","MAIN STREET, 158",ZONE 5,OO,OPEN,41.7155004218,-72.837063724
4013,CT,"WALPOLE LIBRARY, LEW","MAIN STREET, 154",ZONE 5,OO,OPEN,41.7158446775,-72.8372853056
4018,CT,"LEEDER HILL DR, 105","LEEDER HILL DRIVE, 105",,OO,OPEN,41.3453386085,-72.9246756326
4031,CT,"CIRCULAR AVE, 95-97","CIRCULAR AVENUE, 95-97",LEASED,NL,OPEN,41.348984,-72.934629
4032,CT,"DIXWELL AVE, 1101","DIXWELL AVENUE,1101",LEASED,NL,OPEN,41.3434715323,-72.9340251345
4040,CT,GREAT MTN FOR MAIN BLD,"CHATTLETON ROAD, 209",ZONE 5,OO,OPEN,41.9477780027,-73.2621046734
4052,CT,YALE-MYERS FOREST,"CENTER PIKE, 150",ZONE 5,OO,OPEN,41.94942516,-72.1218883022
4067,CT,"HAWLEY LN, 495","HAWLEY LANE, 495",LEASED,NL,OPEN,41.234212911,-73.1482173316
4099,CT,"HURLBUTT RD, 68","HURLBUTT ROAD, 68",ZONE 5,OO,OPEN,41.4310328069,-72.0936571734
4100,CT,GALES FERRY HOUSE,"RIVERSIDE PLACE, 4",ZONE 5,OO,OPEN,41.4294111472,-72.0927633224
4102,CT,GALES FERRY VARS HSE,"RIVERSIDE PLACE, 4",ZONE 5,OO,OPEN,41.4293682486,-72.0930064931
4118,CT,"KINGS HIGHWAY NORTH,125","KINGS HIGHWAY NORTH, 125",LEASED,NL,OPEN,41.1470050483,-73.3663918768
4126,CT,"WELLINGTON RD, 48","WELLINGTON ROAD, 48",LEASED,NL,OPEN,41.2537825849,-73.0742491316
4137,CT,"CHURCH ST, 206","CHURCH STREET, 206",LEASED,NL,OPEN,41.2914525573,-72.6855792383
4200,WST,WC WELCOME CENTER,"WEST CAMPUS DRIVE, 100",,OO,OPEN,41.2548742841,-72.996539048
4202,WST,WC WAREHOUSE WEST,"WEST CAMPUS DRIVE, 250",,OO,OPEN,41.2522694949,-72.9983827734
4206,WST,WC CHILDCARE CENTER,"WEST CAMPUS DRIVE, 230",,OM,OPEN,41.252846,-72.99797
4208,WST,WC ADMIN OFFICE SOUTH,"WEST CAMPUS DRIVE, 220",,OO,OPEN,41.2533,-72.997766
4210,WST,WC ADMIN OFFICE NORTH,"WEST CAMPUS DRIVE, 200",,OO,OPEN,41.2539657867,-72.9970389311
4215,WST,WC OFFICE COMPLEX NORTH,"WEST CAMPUS DRIVE, 400",,OO,OPEN,41.256191721,-72.9928328734
4220,WST,WC OFFICE COMPLEX SOUTH,"WEST CAMPUS DRIVE, 410",,OO,OPEN,41.255192,-72.99258
4225,WST,WC CONF CTR & WC ADM,"WEST CAMPUS DRIVE, 800",,OO,OPEN,41.258344,-72.989353
4227,WST,WC GENOME ANALYSIS CTR,"WEST CAMPUS DRIVE, 830",,OO,OPEN,41.2580280444,-72.9878858888
4230,WST,WC POWER PLANT,"WEST CAMPUS DRIVE, 700",,OO,OPEN,41.256255,-72.988228
4235,WST,WC ADV BIOSCIENCES CTR,"WEST CAMPUS DRIVE, 840",,OO,OPEN,41.256898,-72.989598
4237,WST,WC MOLECULAR INNOV CTR,"WEST CAMPUS DRIVE, 600",,OO,OPEN,41.256822,-72.99082
4240,WST,WC INTEG SCI & TECH CTR,"WEST CAMPUS DRIVE, 850",,OO,OPEN,41.257483,-72.990351
4245,WST,WC ENERGY SCIENCES CTR,"WEST CAMPUS DRIVE, 520",,OO,OPEN,41.2582836398,-72.9900422734
4250,WST,WC COLLECTION ST CTR,"WEST CAMPUS DRIVE, 900",,OO,OPEN,41.259342,-72.987395
4270,WST,WC STORAGE & RECEIV CTR,"WEST CAMPUS DRIVE, 750",,OO,OPEN,41.257826,-72.985888
4272,WST,WC ENVIR HL & SFTY STOR,"WEST CAMPUS DRIVE, 720",,OO,OPEN,41.2567592821,-72.9874723311
4700,USA,YALE-TOUMEY FOREST,KEENE ROAD,ZONE 5,OO,OPEN,42.8388511418,-72.3519368186
